INSERT INTO student VALUES('10023', 'Hegde', 'Comp. Sci.', 150);
INSERT INTO student VALUES('10024', 'Bhakthan', 'Comp. Sci.', 150);
INSERT INTO student VALUES('10025', 'Doraemon', 'Comp. Sci.', 150);
INSERT INTO student VALUES('10026', 'GadgetMan', 'Comp. Sci.', 150);
INSERT INTO student VALUES('10027', 'Aryan', 'Comp. Sci.', 150);
INSERT INTO student VALUES('10028', 'Trimukhe', 'Comp. Sci.', 150);
INSERT INTO student VALUES('10029', 'Dhananjay', 'Comp. Sci.', 150);

INSERT INTO section VALUES('CS-101', '1', 'Fall', 2007, 'Swift', '2002', 'E');
INSERT INTO section VALUES('CS-190', '1', 'Fall', 2007, 'Swift', '2002', 'B');

INSERT INTO teaches VALUES('10101', 'CS-101', '1', 'Fall', '2007');
INSERT INTO teaches VALUES('10101', 'CS-190', '1', 'Fall', '2007');

INSERT INTO takes VALUES('10012', 'CS-101', '1', 'Fall', 2007, 'A+');
INSERT INTO takes VALUES('10013', 'CS-101', '1', 'Fall', 2007, 'A+');
INSERT INTO takes VALUES('10014', 'CS-101', '1', 'Fall', 2007, 'A');
INSERT INTO takes VALUES('10015', 'CS-101', '1', 'Fall', 2007, 'B');
INSERT INTO takes VALUES('10016', 'CS-101', '1', 'Fall', 2007, 'B+');
INSERT INTO takes VALUES('10017', 'CS-101', '1', 'Fall', 2007, 'A+');
INSERT INTO takes VALUES('10018', 'CS-101', '1', 'Fall', 2007, 'A+');
INSERT INTO takes VALUES('10019', 'CS-101', '1', 'Fall', 2007, 'A');
INSERT INTO takes VALUES('10020', 'CS-101', '1', 'Fall', 2007, 'B');
INSERT INTO takes VALUES('10021', 'CS-101', '1', 'Fall', 2007, 'B+');
INSERT INTO takes VALUES('10022', 'CS-101', '1', 'Fall', 2007, 'A+');
INSERT INTO takes VALUES('10023', 'CS-101', '1', 'Fall', 2007, 'A+');
INSERT INTO takes VALUES('10024', 'CS-101', '1', 'Fall', 2007, 'A');
INSERT INTO takes VALUES('10025', 'CS-101', '1', 'Fall', 2007, 'B');
INSERT INTO takes VALUES('10026', 'CS-101', '1', 'Fall', 2007, 'B+');
INSERT INTO takes VALUES('10027', 'CS-101', '1', 'Fall', 2007, 'A+');
INSERT INTO takes VALUES('10028', 'CS-101', '1', 'Fall', 2007, 'A+');
INSERT INTO takes VALUES('10029', 'CS-101', '1', 'Fall', 2007, 'A');

INSERT INTO takes VALUES('10013', 'CS-190', '1', 'Fall', 2007, 'A+');
INSERT INTO takes VALUES('10012', 'CS-190', '1', 'Fall', 2007, 'A+');
INSERT INTO takes VALUES('10014', 'CS-190', '1', 'Fall', 2007, 'A');
INSERT INTO takes VALUES('10015', 'CS-190', '1', 'Fall', 2007, 'B');
INSERT INTO takes VALUES('10016', 'CS-190', '1', 'Fall', 2007, 'B+');
INSERT INTO takes VALUES('10017', 'CS-190', '1', 'Fall', 2007, 'A+');
INSERT INTO takes VALUES('10018', 'CS-190', '1', 'Fall', 2007, 'A+');
INSERT INTO takes VALUES('10019', 'CS-190', '1', 'Fall', 2007, 'A');
INSERT INTO takes VALUES('10020', 'CS-190', '1', 'Fall', 2007, 'B');
INSERT INTO takes VALUES('10021', 'CS-190', '1', 'Fall', 2007, 'B+');
INSERT INTO takes VALUES('10022', 'CS-190', '1', 'Fall', 2007, 'A+');
INSERT INTO takes VALUES('10023', 'CS-190', '1', 'Fall', 2007, 'A+');
INSERT INTO takes VALUES('10024', 'CS-190', '1', 'Fall', 2007, 'A');
INSERT INTO takes VALUES('10025', 'CS-190', '1', 'Fall', 2007, 'B');
INSERT INTO takes VALUES('10026', 'CS-190', '1', 'Fall', 2007, 'B+');
INSERT INTO takes VALUES('10027', 'CS-190', '1', 'Fall', 2007, 'A+');
INSERT INTO takes VALUES('10028', 'CS-190', '1', 'Fall', 2007, 'A+'); 